<?xml version="1.0" encoding="utf-8"?>
<extension version="3.5" type="template" client="site" method="upgrade">
	<name>stylish</name>
	<version>1.2</version>
	<creationDate>May, 18th 2016</creationDate>
	<author>Alexon Balangue</author>
	<authorUrl>www.alexonbalangue.me</authorUrl>
	<authorEmail>moi.sites@alexonbalangue.me</authorEmail>
	<copyright>Copyright (C) 2016 Alexon Balangue. All rights reserved.</copyright>
	<description>TPL_STYLISH_XML_DESCRIPTION</description>
	<files>
		<filename>component.php</filename>
		<filename>error.php</filename>
		<filename>offline.php</filename>
		<filename>favicon.ico</filename>
		<filename>index.php</filename>
		<filename>templateDetails.xml</filename>
		<filename>template_preview.png</filename>
		<filename>template_thumbnail.png</filename>
		<folder>assets</folder>
		<folder>html</folder>
		<folder>language</folder>
	</files>
	<positions>
		<position>bs2-search</position>
		<position>bs2-information</position>
		<position>bs2-services</position>
		<position>bs2-consumer</position>
		<position>bs2-contribute</position>
		<position>bs2-confiances</position>
		<position>bs2-breadcrumb</position>
		<position>bs2-translator</position>
		<position>bs2-footer1</position>
		<position>bs2-footer2</position>
		<position>bs2-footer3</position>
		<position>bs2-footer4</position>
	<!-- Boostrap3 - home -->
		<position>bs3-search</position>
		<position>bs3-information</position>
		<position>bs3-services</position>
		<position>bs3-consumer</position>
		<position>bs3-membres-left</position>
		<position>bs3-membres-right</position>
		<position>bs3-contribute</position>
		<position>bs3-confiances</position>
		<position>bs3-breadcrumb</position>
		<position>bs3-translator</position>
		<position>bs3-footer1</position>
		<position>bs3-footer2</position>
		<position>bs3-footer3</position>
		<position>bs3-footer4</position>
	<!-- amp - home -->
		<position>amp-search</position>
		<position>amp-information</position>
		<position>amp-services</position>
		<position>amp-consumer</position>
		<position>amp-contribute</position>
		<position>amp-confiances</position>
		<position>amp-breadcrumb</position>
		<position>amp-translator</position>
		<position>amp-footer1</position>
		<position>amp-footer2</position>
		<position>amp-footer3</position>
		<position>amp-footer4</position>
	<!-- Foundation - home -->
		<position>fi-search</position>
		<position>fi-information</position>
		<position>fi-services</position>
		<position>fi-consumer</position>
		<position>fi-contribute</position>
		<position>fi-confiances</position>
		<position>fi-breadcrumb</position>
		<position>fi-translator</position>
		<position>fi-footer1</position>
		<position>fi-footer2</position>
		<position>fi-footer3</position>
		<position>fi-footer4</position>
	<!-- MetroUI - home -->
		<position>mui-search</position>
		<position>mui-information</position>
		<position>mui-services</position>
		<position>mui-consumer</position>
		<position>mui-contribute</position>
		<position>mui-confiances</position>
		<position>mui-breadcrumb</position>
		<position>mui-translator</position>
		<position>mui-footer1</position>
		<position>mui-footer2</position>
		<position>mui-footer3</position>
		<position>mui-footer4</position>
	<!-- base and advestising -->
		<position>stylish_menu</position>
		<position>banner-footer</position>
		<position>banner-mfooter</position>
		<position>banner-header</position>
		<position>banner-mheader</position>
		<position>sidebar-right</position>
		<position>sidebar-left</position>
		<position>footer</position>
		<position>referencer</position>
		<position>debug</position>
	</positions>
	<languages folder="language">
		<language tag="en-GB">en-GB/en-GB.tpl_stylish.ini</language>
		<language tag="en-GB">en-GB/en-GB.tpl_stylish.sys.ini</language>
		<language tag="fr-FR">fr-FR/fr-FR.tpl_stylish.ini</language>
		<language tag="fr-FR">fr-FR/fr-FR.tpl_stylish.sys.ini</language>
	</languages>
	<config>
		<fields name="params">
			<fieldset name="advanced">
				<field name="groups-html"
					type="list"
					default=""
					label="TPL_STYLISH_METHODHTML_LABEL"
					description="TPL_STYLISH_METHODHTML_DESC">
						<option value="">Neutral (without design)</option>
						<option value="boostrap2-home">Boostrap V2.3.2 (Home)</option>
						<option value="boostrap2-component">Boostrap V2.3.2 (Component)</option>
						<option value="boostrap3-home">Boostrap V3.3.6 (Home)</option>
						<option value="boostrap3-component">Boostrap V3.3.6 (Component)</option>
						<option value="amp-home">AMP (Home)</option>
						<option value="amp-component">AMP (Component)</option>
						<option value="foundation-home">Foundation (Home)</option>
						<option value="foundation-component">Foundation (Component)</option>
						<option value="metroui-home">MetroUI (Home)</option>
						<option value="metroui-component">MetroUI (Component)</option>
				</field>
				<field name="groups-script"
					type="list"
					default="boostrap3"
					label="TPL_STYLISH_METHODSCRIPT_LABEL"
					description="TPL_STYLISH_METHODSCRIPT_DESC">
						<option value="boostrap2">Boostrap V2.3.2</option>
						<option value="boostrap3">Boostrap V3.3.6</option>
						<option value="amp">AMP</option>
						<option value="foundation">Foundation</option>
						<option value="metroui">MetroUI</option>
				</field>
				<field name="groups-method"
					type="list"
					default="production"
					label="TPL_STYLISH_METHODDESIGNER_LABEL"
					description="TPL_STYLISH_METHODDESIGNER_DESC">
						<option value="custom">TPL_STYLISH_METHODDESIGNER_OPTION_CUSTOM</option>
						<option value="production">TPL_STYLISH_METHODDESIGNER_OPTION_PROD</option>
				</field>
			</fieldset>
			<fieldset name="AMP-HTMLviews" label="AMP-HTML views">
				<field name="ampHTML"
					type="radio"
					class="btn-group btn-group-yesno"
					default=""
					label="AMP-HTML"
					description="TPL_STYLISH_AMPHTML_DESC">
						<option value="amp">JYes</option>
						<option value="">JNo</option>
				</field>
			</fieldset>
			<fieldset name="Hidding" label="Hidding support">
				<field name="Pages-js-default"
					type="radio"
					class="btn-group btn-group-yesno"
					default=""
					label="TPL_STYLISH_HIDEJSDEFAULT_LABEL"
					description="TPL_STYLISH_HIDEJSDEFAULT_DESC">
						<option value="">Keep default</option>
						<option value="home">home</option>
						<option value="component">Component</option>
				</field>
				<field name="ampHTMLbeta"
					type="radio"
					class="btn-group btn-group-yesno"
					default="0"
					label="not yet"
					description="TPL_STYLISH_XXXX_DESC">
						<option value="1">JYes</option>
						<option value="0">JNo</option>
				</field>
			</fieldset>
			<fieldset name="TPLStylish" label="Edit templates">
				<field name="logoFile" class="" type="media" default=""
					label="TPL_STYLISH_LOGO_LABEL"
					description="TPL_STYLISH_LOGO_LABEL" />
			</fieldset>
		</fields>
	</config>
	<updateservers>
		<server type="collection" priority="1" name="Accredited by Alexon Balangue">https://alexonbalangue.me/index.php?option=com_ars&amp;view=update&amp;task=all&amp;format=xml</server>
		<server type="extension" priority="2" name="TPL - Stylish">http://alexonbalangue.me/index.php?option=com_ars&amp;view=update&amp;task=stream&amp;format=xml&amp;id=17</server>
	</updateservers>
</extension>
